{
    "Set 1 SP":{
        "CPM":12.6003142316,
        "PERT":5.3176333767,
        "BB\/2 Mean":3.2012091498,
        "Lognormal Mean":3.2094884561
    },
    "Set 2.1 AD (low SP)":{
        "CPM":13.3001409629,
        "PERT":6.0758235884,
        "BB\/2 Mean":3.5078600132,
        "Lognormal Mean":3.5350607826
    },
    "Set 2.2 AD (mid SP)":{
        "CPM":11.7428879082,
        "PERT":4.3893749037,
        "BB\/2 Mean":2.6762541068,
        "Lognormal Mean":2.6663201133
    },
    "Set 3.1 LA (low SP)":{
        "CPM":16.327682638,
        "PERT":9.3549412596,
        "BB\/2 Mean":5.2794471594,
        "Lognormal Mean":5.3530148624
    },
    "Set 3.2 LA (mid SP)":{
        "CPM":13.0713208415,
        "PERT":5.8273022619,
        "BB\/2 Mean":3.1752593815,
        "Lognormal Mean":3.2081648688
    },
    "Set 3.3 LA (high SP)":{
        "CPM":11.8605134361,
        "PERT":4.515629835,
        "BB\/2 Mean":2.6826136326,
        "Lognormal Mean":2.7067569804
    },
    "Set 4.1 TF (low SP)":{
        "CPM":13.8167459618,
        "PERT":6.6350727271,
        "BB\/2 Mean":3.7179840304,
        "Lognormal Mean":3.7541667913
    },
    "Set 4.2 TF (mid SP)":{
        "CPM":11.6276682883,
        "PERT":4.2643019532,
        "BB\/2 Mean":2.6301987996,
        "Lognormal Mean":2.6178084135
    },
    "Set 4.3 TF (high SP)":{
        "CPM":11.3928939076,
        "PERT":4.0102184517,
        "BB\/2 Mean":2.5474944941,
        "Lognormal Mean":2.5167606149
    }
}